question,answer
What is NerveSpa?,"NerveSpa is a family of clinical-grade products and programs designed to support neuropathy, joint pain, and metabolic health. It includes aquatic nerve stimulation, LED therapy, cold laser, vibration therapy, supplements, and topicals. All products are manufactured in FDA-registered facilities and distributed through licensed clinicians."
Who owns NerveSpa?,"NerveSpa is owned and distributed by Pain Management Technologies (PMT), an FDA-registered medical device establishment based in Akron, Ohio. PMT manufactures and distributes the full NerveSpa product family. https://www.paintechnology.com"
How do providers implement NerveSpa?,NerveSpa devices do not require a medical prescription. Licensed clinicians guide patients on correct use and integrate devices and supplements into their care plans.
What conditions can NerveSpa support?,"NerveSpa is used for peripheral neuropathy, diabetic neuropathy, chemotherapy-related neuropathy, plantar fasciitis, heel spurs, restless legs, circulation issues, numbness, tingling, burning, stiffness, balance concerns, cramps, cold feet, and joint-related discomfort such as knee and shoulder arthritis."
How can clinics order NerveSpa or request a demo?,"Clinics can open a provider account to order NerveSpa products or request demos. Starter kits and bundles are available. Patients cannot purchase devices directly but may obtain salts, garments, and accessories through approved channels."
What are NerveSpa’s pricing options?,NerveSpa devices are sold to clinics at wholesale pricing. Retail pricing applies to patient consumables such as salts and garments. Some devices may qualify for insurance coverage under HCPCS code E0720 depending on the plan.
Is NerveSpa FDA-registered?,Yes. NerveSpa devices are FDA-registered and manufactured in FDA-registered facilities. Registration confirms establishment and product listing; it does not represent FDA approval of medical claims.
Is NerveSpa covered by insurance?,"Coverage varies by plan. Some clinics bill eligible components under neuropathy programs, while others use cash-pay, HSA/FSA, or membership models. Patients should verify with their insurer."
What warranty and return policy does NerveSpa offer?,All devices include a one-year limited warranty covering manufacturing defects. Returns are accepted within 30 days if unused and undamaged. Providers should contact the seller for RMA instructions.
Where is NerveSpa manufactured?,"NerveSpa devices are manufactured in FDA-registered facilities from all over the world, with final distribution handled through PMT in Akron, Ohio."
How long has PMT been in business?,"PMT has been in business for over 25 years, supplying clinics nationwide with FDA-registered therapeutic technologies."
Where can FDA listings be verified?,Clinics can verify FDA establishment registrations and product listings through the FDA’s official database using PMT’s registration information.  View listings here: https://docs.google.com/spreadsheets/u/0/d/1qX86EUZUUwZKHMVHDy6IqY27pQankwW89ukJwa-F7G8/edit
What certifications does PMT hold?,"PMT maintains FDA establishment registration and manufactures products through FDA-registered facilities worldwide, ensuring compliance with federal manufacturing and distribution standards."
Does NerveSpa replace medical care?,"No. NerveSpa does not replace medical diagnosis or treatment. Providers determine appropriate use, recommend protocols, and guide patients throughout care."
Who decides if NerveSpa is appropriate?,"Licensed providers determine whether NerveSpa devices or supplements are suitable based on the patient’s condition, safety factors, and treatment goals."
Can NerveSpa be used with other treatments?,"Yes. Clinics commonly pair NerveSpa with chiropractic care, PT, metabolic programs, red light therapy, or other supportive modalities as part of a broader treatment plan."
How does NerveSpa compare to other nerve therapy systems?,"NerveSpa integrates multiple clinical-grade modalities—water-based stimulation, LED therapy, cold laser, vibration therapy, and supplementation—creating broader coverage than single-modality systems."
What makes NerveSpa unique?,"NerveSpa integrates multiple clinical-grade modalities into one family of products—water-based stimulation, high-powered LED wraps, cold laser, vibration therapy, targeted joint devices, and supplementation—offering broader coverage than single-modality systems."
How does the NerveSpa family of products work together?,"Each product plays a specific role across nerve, joint, and metabolic pathways. Clinics can combine devices and supplements to build customized, condition-specific programs that extend care between visits."
Can patients purchase NerveSpa directly?,"Patients cannot purchase full therapeutic systems directly. Devices are distributed through licensed clinics. Patients may reorder consumables such as salts, garments, and supplements through approved channels."
Are starter kits or bundles available for clinics?,Yes. Clinics may order starter kits or pathway-specific bundles depending on their patient population and protocols.
Are NerveSpa programs difficult to implement?,"Clinics typically integrate NerveSpa in one session. Devices are designed for ease of use, and providers oversee protocols while patients follow structured at-home routines."
How long is a typical NerveSpa program?,Most pathways follow a structured 60–90 day program with additional maintenance options depending on patient outcomes and provider guidance.
Is NerveSpa safe for most patients?,"NerveSpa devices are generally safe when used as directed under the guidance of a licensed provider. Providers screen for contraindications such as pacemakers, open wounds, pregnancy, or certain medical conditions depending on the device."
Does NerveSpa offer training for clinics?,"Yes. Clinics receive onboarding support, device training, and access to guides, protocols, and provider resources. Additional training is available as needed."
How do clinics contact NerveSpa for support?,"Clinics can contact NerveSpa by clicking ‘Support’ in this chatbot to submit a contact form, by emailing support@nervespa.com, or by calling 1-800-239-7880."
Does NerveSpa replace medical treatment?,No. NerveSpa does not replace medical diagnosis or treatment. Providers determine whether the products and protocols are appropriate and patients should follow professional guidance.
Who determines if a patient is a good candidate for NerveSpa?,"Licensed providers determine suitability based on symptoms, medical history, and contraindications for each device or supplement."
Does NerveSpa support insurance reimbursement?,"Insurance coverage varies by provider and plan. Some clinics bill eligible treatments under neuropathy programs. Others use cash-pay, HSA/FSA, or memberships."
What is HCPCS code E0720?,E0720 is a durable medical equipment (DME) billing code used by some clinics for certain types of neuromuscular stimulation. Coverage depends on the insurer and clinical documentation.
How quickly are products shipped?,Most orders ship within standard fulfillment timelines depending on inventory and clinic volume. Providers can contact their representative for order-specific updates.
Can NerveSpa be combined with in-clinic treatments?,"Yes. Many clinics layer NerveSpa with chiropractic, PT, neuropathy care, and joint mobility programs to support outcomes between visits."
What outcomes do patients commonly report?,"Patients often report reduced tingling, burning, and numbness; improved circulation; decreased stiffness; and better mobility or sleep depending on the product used. Outcomes vary by individual and consistency."
Can patients travel with NerveSpa devices?,"Most NerveSpa products are compact and travel-friendly. Patients should pack chargers, consumables, and any accessories, and follow provider instructions while away."
What is the NerveSpa Nerve Bath?,The NerveSpa Nerve Bath (Hand & Foot Neuropathy System) is a touch-screen aquatic electrotherapy device for hands or feet. Patients submerge their hands or feet in warm water with Epsom salt and effervescent tablets so the system can deliver circumferential nerve stimulation that supports circulation and nerve activity.
How does the NerveSpa Nerve Bath work?,"The system delivers comfortable low-frequency stimulation through a warm water bath. Patients place their hands or feet in the basins with Epsom salt and effervescent tablets, then the device runs a pre-programmed waveform to support circulation and nerve health. For a step-by-step overview, see the Quick Guide: https://drive.google.com/file/d/1ABWl8aU_hrvUSoRkmb3GoHl-rhbhTXIb/view?usp=sharing"
How should the NerveSpa Nerve Bath be set up?,"Connect the lead wires and electrodes, fill both sides with warm water, add 1 tablespoon of Epsom salt and 1 effervescent tablet per side, place hands or feet in the water, power on the unit, select Hands/Feet mode, and gradually increase intensity until you feel a mild, comfortable tingle. For visuals and full instructions, use the Quick Guide: https://drive.google.com/file/d/1ABWl8aU_hrvUSoRkmb3GoHl-rhbhTXIb/view?usp=sharing and the Full User Guide: https://drive.google.com/file/d/1IEghxBOy0alvw3U4V9CDd7D4eulpxcgs/view?usp=sharing"
How long is a typical NerveSpa Nerve Bath session?,"The default program runs for 30 minutes and the device will automatically shut off at the end of the session. After treatment, remove hands or feet and dry the skin thoroughly. Session timing is also outlined in the Quick Guide: https://drive.google.com/file/d/1ABWl8aU_hrvUSoRkmb3GoHl-rhbhTXIb/view?usp=sharing"
How often should the NerveSpa Nerve Bath be used?,"Typical clinic and home protocols use the system once daily, 4–6 days per week, for about 90 sessions total. After the initial program, many patients transition to periodic maintenance, often repeating a 90-session cycle once per year as needed. Details are included in the Full User Guide: https://drive.google.com/file/d/1IEghxBOy0alvw3U4V9CDd7D4eulpxcgs/view?usp=sharing"
Why water-based therapy for the NerveSpa Nerve Bath?,"Warm water allows full circumferential contact around the hands or feet, so current is distributed evenly rather than just through small pad areas. This helps improve comfort, consistency of stimulation, and engagement of more nerve endings compared to pad-only approaches."
What improvements do patients report with the NerveSpa Nerve Bath?,"Many patients report reduced tingling, burning, numbness, coldness, and stiffness in their feet or hands, along with improved circulation, comfort, and sleep over time. Results vary by individual, condition severity, and how consistently the program is followed."
What consumables does the NerveSpa Nerve Bath use?,Each session uses warm water plus Epsom salt and one effervescent tablet per side. These consumables are replaced as needed. The Quick Guide also lists the required consumables for each session: https://drive.google.com/file/d/1ABWl8aU_hrvUSoRkmb3GoHl-rhbhTXIb/view?usp=sharing
"What are NerveSpa conductive foot pads, socks, and gloves?","NerveSpa conductive foot pads, socks, and gloves are silver-conductive garment systems designed for localized stimulation of the feet and hands. They connect to the NerveSpa controller to deliver targeted electrotherapy as part of a neuropathy or nerve-support program."
How are the NerveSpa conductive foot pads and gloves used in therapy?,"Patients wear the conductive pads or gloves over the targeted area, moisten them slightly, and connect them to the NerveSpa unit. Providers guide placement and settings to help ensure safe and effective stimulation as part of the overall program."
Who should not use NerveSpa conductive garments?,"Patients with pacemakers, other implanted electronics, or severe skin conditions in the treatment area should not use conductive garments. Providers should screen patients for contraindications before recommending use."
What is the NerveSpa Quake Plate?,"The NerveSpa Quake Plate is a vibration therapy platform designed to help regain mobility and ease pain in the feet and lower extremities. It provides deep tissue massage, helps relieve pain and relax irritated nerves, and supports increased circulation and blood flow when used as directed by your clinic."
How do I set up and use the Quake Plate?,"Place the Quake Plate on a flat, stable surface, connect it to a 110V AC outlet, and install the provided battery in the remote as shown in the user manual. Sit or stand as instructed by your clinic, place your feet (or hands) on the platform, and use the remote to start and adjust the session to a comfortable setting. Always follow the Quake Plate User Manual (https://s3.us-east-2.amazonaws.com/cdn.hmsctl.com/media/nervespa/pdf/usermanual/QuakePlate_Manual_230713.pdf) and your clinic’s instructions, and you can also watch the setup video here: https://youtu.be/GZT58LDOT2o?si=Cik7VKLMSM7uEfLL."
How long and how often should I use the Quake Plate?,"Session length and weekly frequency for the Quake Plate should follow your clinic’s specific protocol and the guidance in the Quake Plate User Manual. Your provider will determine how long each session should last and how often you should use it based on your condition, goals, and overall program. Do not exceed the usage recommended by your clinic."
Who should not use the Quake Plate?,"Patients with circulatory syndromes such as Raynaud’s disease, Buerger’s disease, peripheral vascular disease, vasospastic disorders, sickle cell anemia, hypercoagulable clotting disorders, local tissue infection, or potential wound-healing problems should not use the Quake Plate unless cleared by their provider. It should also not be used if you are pregnant or on a recent injury. Always review the CONTRAINDICATIONS and ELECTRICAL PRECAUTIONS sections in the Quake Plate User Manual and consult your clinic before use."
What is the NerveBeam LED Light Therapy Wrap?,"The NerveBeam LED Wrap is a flexible red and infrared light therapy wrap designed to support circulation, reduce inflammation, and help with nerve and joint discomfort in areas like the knee, shoulder, arm, or leg. It is intended to be used under the guidance of a clinic as part of a structured program. For full details and instructions, please refer to the NerveBeam LED Wrap User Guide: https://cdn.hmsctl.com/media/nervespa/pdf/NerveBeam_UserManual_LED-wrap_v03.pdf"
How is the NerveBeam LED Wrap used?,"Place the NerveBeam LED Wrap around the target area, secure it with the straps so it is snug but comfortable, and connect it to the controller. Turn the system on and follow your clinic’s recommended program for session length and frequency. For step-by-step setup, refer to the NerveBeam LED Wrap User Guide: https://cdn.hmsctl.com/media/nervespa/pdf/NerveBeam_UserManual_LED-wrap_v03.pdf"
Who should not use the NerveBeam LED Wrap?,"Patients with pacemakers or other implanted electronic devices, known light sensitivity or photosensitive conditions, active cancer in the treatment area, or those whose provider has advised against light-based or stimulation therapies should not use the NerveBeam LED Wrap. Always review the safety and contraindication section of the NerveBeam LED Wrap User Guide (https://cdn.hmsctl.com/media/nervespa/pdf/NerveBeam_UserManual_LED-wrap_v03.pdf) and consult your clinic before use."
What outcomes are expected with LED wrap therapy?,"When used consistently as directed by a provider, the NerveBeam LED Wrap is intended to support reduced pain, improved circulation, and better comfort and mobility in the treated area over time. Individual results vary based on the condition being treated and adherence to the prescribed program. For guidance on clinical use, clinics should refer to the NerveBeam LED Wrap User Guide: https://cdn.hmsctl.com/media/nervespa/pdf/NerveBeam_UserManual_LED-wrap_v03.pdf"
What is the NerveBeam Cold Laser?,"The NerveBeam Cold Laser is a handheld low-level laser therapy device that uses red and infrared laser light to support circulation, reduce inflammation, and provide targeted comfort in nerve and joint areas as part of a clinic-directed plan. For detailed setup instructions and safety, see the Cold Laser User Guide: https://drive.google.com/file/d/1pHUIbj5dt7BjVwwqzriCmf5ODdpA5hLQ/view?usp=sharing and for an overview of how red and infrared light support cellular energy, you can watch: https://youtu.be/wrWQvDcjEFA"
How is the NerveBeam Cold Laser used?,"Place the handheld Cold Laser applicator directly over the target area and keep it in place for the session length recommended by your clinic, often around 15–20 minutes per site. Do not shine the laser into the eyes and always follow your provider’s protocol. For placement diagrams and step-by-step instructions, refer to the Cold Laser User Guide: https://drive.google.com/file/d/1pHUIbj5dt7BjVwwqzriCmf5ODdpA5hLQ/view?usp=sharing and the educational video on red/infrared light therapy: https://youtu.be/wrWQvDcjEFA"
Who should not use the NerveBeam Cold Laser?,"Patients with pacemakers, epilepsy, or cancerous lesions in the treatment area should not use the Cold Laser. It should also not be used over the eyes or in any area where your provider has advised against light-based therapy. Providers should screen patients for contraindications before recommending use. For full safety guidance, see the Cold Laser User Guide: https://drive.google.com/file/d/1pHUIbj5dt7BjVwwqzriCmf5ODdpA5hLQ/view?usp=sharing"
What outcomes are expected with Cold Laser therapy?,"When used consistently as part of a clinic-directed plan, patients often experience improved circulation, reduced discomfort, and better mobility in the treated area over time. Individual outcomes vary based on the condition and adherence to the program. For more on how red and infrared light support cellular energy pathways, see: https://youtu.be/wrWQvDcjEFA and review the Cold Laser User Guide: https://drive.google.com/file/d/1pHUIbj5dt7BjVwwqzriCmf5ODdpA5hLQ/view?usp=sharing"
What is the Knee Pro?,"The Knee Pro is a clinical-grade knee therapy device designed to support OA/RA comfort, mobility, and cartilage health using targeted stimulation and long-duration sessions. It is used as part of a clinic-directed plan over several months. For setup and placement details, see the Quick Start Guide: https://s3.us-east-2.amazonaws.com/cdn.hmsctl.com/media/nervespa/pdf/NerveSpa-Quick%20start%20guide-250916-print.pdf and the Knee Pro overview video: https://youtu.be/D3mmA02khW8?si=rUQjdsxa5mfJHXLp"
How is the Knee Pro used?,"The Knee Pro wraps securely around the knee and connects to the controller. Sessions are typically 1 hour and the Knee Pro is meant for long-duration, multi-month use (often 6–9 months) as part of a structured joint protocol. Always follow your provider’s instructions. For correct setup and strap placement, refer to the Quick Start Guide: https://s3.us-east-2.amazonaws.com/cdn.hmsctl.com/media/nervespa/pdf/NerveSpa-Quick%20start%20guide-250916-print.pdf and the How-It-Works demonstration: https://youtu.be/D3mmA02khW8?si=rUQjdsxa5mfJHXLp"
Who should not use the Knee Pro?,"Patients with pacemakers, open wounds near the knee, or uncontrolled medical conditions should not use the Knee Pro. Providers should screen for contraindications before prescribing. Always follow clinic-directed use. For safety guidelines, refer to the Quick Start Guide: https://s3.us-east-2.amazonaws.com/cdn.hmsctl.com/media/nervespa/pdf/NerveSpa-Quick%20start%20guide-250916-print.pdf"
What outcomes are expected with the Knee Pro?,"Patients commonly report improved mobility, reduced discomfort, and better day-to-day function over consistent multi-month use. Individual outcomes vary, but long-term adherence is key. For an in-clinic perspective on patient results, see Dr. Perkins’ Knee Pro testimonial: https://youtu.be/mUzxul6TRfc?si=Gtv4vV9wVNWR5IHb"
What is the Shoulder Pro?,"The Shoulder Pro is a clinical-grade shoulder therapy device designed to support joint comfort, mobility, and function in the shoulder using targeted stimulation and long-duration sessions. It is used as part of a clinic-directed program over several months. For setup and strap placement, see the Shoulder Pro Quick Start Guide: https://s3.us-east-2.amazonaws.com/cdn.hmsctl.com/media/nervespa/pdf/NerveSpa-Shoulder-Quick%20start%20guide-250916-lowres-print.pdf"
How is the Shoulder Pro used?,"Place the Shoulder Pro over the shoulder so the treatment area is fully covered, then secure the straps as shown in the Quick Start Guide. Connect it to the controller and follow your clinic’s instructions for session length and frequency, typically longer-duration sessions similar to other joint protocols. For placement diagrams and setup steps, refer to the Shoulder Pro Quick Start Guide: https://s3.us-east-2.amazonaws.com/cdn.hmsctl.com/media/nervespa/pdf/NerveSpa-Shoulder-Quick%20start%20guide-250916-lowres-print.pdf"
Who should not use the Shoulder Pro?,"Patients with pacemakers, open wounds near the shoulder, or uncontrolled medical conditions should not use the Shoulder Pro. Providers should screen for contraindications before prescribing and patients should follow clinic-directed use only. For safety information, see the Shoulder Pro Quick Start Guide: https://s3.us-east-2.amazonaws.com/cdn.hmsctl.com/media/nervespa/pdf/NerveSpa-Shoulder-Quick%20start%20guide-250916-lowres-print.pdf"
What outcomes are expected with the Shoulder Pro?,"When used consistently as directed, patients commonly report reduced shoulder discomfort, improved range of motion, and better day-to-day shoulder function over time. Individual results vary based on the condition and adherence to the program. Your clinic will guide expectations as part of your overall joint and mobility plan."
What is the PowerWrap?,"The PowerWrap is a high-powered LED + laser wrap designed to deliver red and infrared light therapy around a joint or limb to help support circulation, reduce discomfort, and target nerve and joint pain. It contains both LEDs and lasers in a flexible wrap format and is used as part of a clinic-directed program. For full details, see the PowerWrap User Manual: https://s3.us-east-2.amazonaws.com/cdn.hmsctl.com/media/nervespa/pdf/usermanual/NerveBeam-Power-Wrap_UserManual-250703-lowres.pdf and the product demo: https://youtu.be/lj_1L8FRtwM?si=FK7RkRbKwKhTmnyH"
How is the PowerWrap used?,"Place the PowerWrap around the target area (such as a knee, shoulder, or limb), secure it snugly with the straps, and connect it to the controller. Follow your clinic’s instructions for session length and frequency. For step-by-step setup, placement diagrams, and operating instructions, refer to the PowerWrap User Manual: https://s3.us-east-2.amazonaws.com/cdn.hmsctl.com/media/nervespa/pdf/usermanual/NerveBeam-Power-Wrap_UserManual-250703-lowres.pdf and the product demo video: https://youtu.be/lj_1L8FRtwM?si=FK7RkRbKwKhTmnyH"
Who should not use the PowerWrap?,"Patients with pacemakers or other implanted electronic devices, light-sensitive conditions, or cancerous lesions in the treatment area should not use the PowerWrap. It should not be used over the eyes or in any area where your provider has advised against light-based therapy. Providers must screen patients for contraindications before recommending use. For full safety guidance, consult the PowerWrap User Manual: https://s3.us-east-2.amazonaws.com/cdn.hmsctl.com/media/nervespa/pdf/usermanual/NerveBeam-Power-Wrap_UserManual-250703-lowres.pdf"
What outcomes are expected with PowerWrap therapy?,"When used consistently as part of a clinic-directed program, patients often report reduced pain and stiffness and improved comfort and mobility in the treated area over time. Individual results vary based on the condition and adherence to the protocol. For a clinician’s perspective on patient experience, see the doctor testimonial: https://youtube.com/shorts/QRF_zFGeMUI?si=5RPxEfqIQtJ5lxzx and review the PowerWrap User Manual for best-practice use: https://s3.us-east-2.amazonaws.com/cdn.hmsctl.com/media/nervespa/pdf/usermanual/NerveBeam-Power-Wrap_UserManual-250703-lowres.pdf"
What are the NerveSpa Performance Diabetic Socks?,"The NerveSpa Performance Diabetic Socks are comfort-focused, non-binding socks designed to support circulation, reduce irritation, and provide gentle cushioning for neuropathy-related foot discomfort. They are made with soft, moisture-wicking materials and a seamless toe to help minimize friction and pressure points."
How do I put on the Diabetic Socks correctly?,"Slide the socks on smoothly to avoid bunching, making sure the heel and toe areas are aligned. The socks are designed to be non-binding, so they should fit comfortably without squeezing the calf or ankle. Ensure no wrinkles under the foot to prevent pressure points for sensitive neuropathy patients."
How should the Diabetic Socks be washed or cared for?,"Wash the Diabetic Socks in cold or warm water on a gentle cycle and tumble dry low or air dry. Avoid bleach or high-heat drying, as these can damage fibers and reduce softness. Proper care helps maintain the cushioning and comfort needed for neuropathy support."
Can the Diabetic Socks be worn all day?,"Yes. The socks are designed for extended wear, providing gentle comfort and reduced friction throughout the day. Many neuropathy patients wear them during daily activities, at home, and in shoes. Follow your clinic’s guidance if you have circulation-related medical conditions."
What is the NerveSpa Neuropathy Program?,"The NerveSpa Neuropathy Program is a structured, multi-modal protocol designed to support peripheral nerve health, circulation, and comfort. It combines nerve stimulation, light-based therapies, vibration, targeted topicals, and supplementation to support nerve function when used consistently under provider guidance."
How does the Neuropathy Program work?,"The program uses a layered approach that combines electrical stimulation, light therapy, vibration therapy, topical support, and supplements. These modalities are used together to support circulation, nerve signaling, and tissue health as part of a coordinated protocol directed by a provider."
What devices are used in the Neuropathy Program?,"Depending on the provider’s recommendations, the Neuropathy Program may include the NerveSpa Nerve Bath, conductive garments, Quake Plate vibration therapy, NerveBeam LED Light Therapy Wrap, NerveBeam Cold Laser, and related accessories. Not all patients require every modality."
Do patients need all the devices in the Neuropathy Program?,"No. Providers customize the program based on the patient’s symptoms, tolerance, and goals. Some patients may use a full system, while others may use select devices and supplements as part of their personalized protocol."
How long does the Neuropathy Program take?,"The Neuropathy Program is structured around approximately 60–90 total uses of each recommended modality. Sessions are typically about 30 minutes and are used consistently as directed by the provider, followed by a maintenance phase if appropriate."
Why is consistency important in the Neuropathy Program?,"The Neuropathy Program is designed to work through repeated, consistent use. Each session builds on prior sessions, supporting cumulative effects over time. Skipping or inconsistent use may reduce the overall effectiveness of the protocol."
What happens after the initial Neuropathy Program is completed?,"After completing the initial series of uses, many providers transition patients into a maintenance routine. Maintenance protocols vary and may include periodic device use, continued supplementation, and lifestyle guidance based on individual needs."
Can the Neuropathy Program be adjusted over time?,"Yes. Providers may adjust device selection, frequency, or supportive products as symptoms change or improve. The program is designed to be flexible and responsive to patient progress under clinical supervision."
How do supplements fit into the Neuropathy Program?,"Supplements are used to support nerve health, circulation, and metabolic processes that influence nerve function. They are typically taken daily as directed by the provider and are intended to complement device-based therapies, not replace them."
Can supplements be used alone without devices?,"Supplements may be used independently in some cases, but many providers recommend combining them with device-based therapies for a more comprehensive approach. The appropriate combination depends on individual clinical assessment."
How long is a typical Nerve Bath session?,A standard Nerve Bath session lasts approximately 30 minutes. The device includes an automatic shutoff at the end of the session to support consistent and safe use as directed by the provider.
Can the Nerve Bath be used with other devices the same day?,"Yes. Many providers integrate the Nerve Bath with other modalities such as light therapy, vibration therapy, topicals, or supplements on the same day. The specific combination and order are determined by the provider."
What should patients feel during a Nerve Bath session?,Patients typically feel a mild to moderate tingling sensation in the feet or hands. The intensity should remain comfortable and is adjustable. Strong discomfort or pain is not expected and should be discussed with the provider.
How often should the Quake Plate be used?,"The Quake Plate is commonly used once per session as part of the Neuropathy Program, often on a daily or near-daily basis. Use contributes toward the overall 60–90 uses recommended by the provider."
How long should a Quake Plate session last?,"A typical Quake Plate session ranges from 10 to 20 minutes, depending on provider guidance and patient tolerance. Duration may be adjusted as part of the overall protocol."
Can Quake Plate be used with other neuropathy devices?,"Yes. Providers often combine vibration therapy with nerve stimulation, light therapy, and supplements. The order and combination are individualized based on patient needs and clinic protocols."
What should patients feel during Quake Plate therapy?,Patients typically experience gentle vibration through the feet or hands. Sensations may include warmth or increased circulation. Discomfort should be avoided and settings adjusted as needed.
How often should the NerveBeam LED Wrap be used?,"The NerveBeam LED Wrap is commonly used consistently as part of the Neuropathy Program, often daily or near-daily. Sessions are typically about 30 minutes and contribute toward the recommended 60–90 uses."
How long is an LED Wrap session?,"A typical LED Wrap session lasts approximately 20–30 minutes, depending on provider guidance. The wrap is positioned over the target area and used comfortably without excessive heat."
What should patients feel during LED Wrap therapy?,"Most patients feel gentle warmth or little to no sensation during LED Wrap sessions. The treatment should remain comfortable. If the wrap feels excessively hot or irritating, stop use and follow your provider’s guidance."
How should the LED Wrap be positioned for treatment?,Place the LED Wrap over the target area as directed by your provider and secure it so it lies flat against the body without creasing or excessive pressure. Proper positioning supports even coverage and consistent treatment.
Who should not use the LED Wrap?,"Patients with pacemakers or implanted electronic devices, or those with known light sensitivity, should not use the LED Wrap unless cleared by a provider. Providers should screen for contraindications based on individual medical history."
How often should the NerveBeam Cold Laser be used?,"Providers typically recommend consistent Cold Laser use as part of the Neuropathy Program. Sessions are integrated into the overall protocol and contribute toward the recommended 60–90 total uses, based on provider direction."
How long is a Cold Laser session?,"A typical Cold Laser session is guided by the provider and is performed per treatment area. Follow your clinic’s instructions for duration, placement, and total coverage for the session."
How should the Cold Laser be positioned during treatment?,The Cold Laser applicator is placed directly over the target area as instructed by the provider. Maintain steady placement and avoid shining light into the eyes. Your provider will guide site selection and treatment coverage.
What should patients feel during Cold Laser therapy?,Cold Laser therapy is typically comfortable and may produce little to no sensation. Some patients notice mild warmth or a subtle soothing feeling in the treated area. Discomfort is not expected—pause and consult your provider if it occurs.
Who should not use the Cold Laser?,"Patients with pacemakers or implanted electronic devices, epilepsy, or cancerous lesions should not use Cold Laser therapy unless cleared by a provider. Providers should screen for contraindications and proper use."
Can Cold Laser be combined with other neuropathy modalities?,"Yes. Many providers combine Cold Laser with nerve stimulation, LED therapy, vibration therapy, supplements, and topicals as part of a coordinated protocol. The exact combination and order should follow provider direction."
What supplements are commonly used in the Neuropathy Program?,"Depending on the provider’s plan, neuropathy supplementation may include Nerve Rebuilder, Nerve Regeneration, and Blood Flow Super Formula. These are typically used daily as directed to complement device-based therapies."
When should Nerve Rebuilder be taken?,"Nerve Rebuilder is typically taken daily as directed by the provider. It is intended to support nerve health and metabolic processes as part of the overall Neuropathy Program, alongside device-based therapies."
When should Nerve Regeneration be taken?,Nerve Regeneration is generally taken daily according to provider guidance. It is designed to complement other neuropathy modalities by supporting nerve-related cellular processes when used consistently.
When should Blood Flow Super Formula be taken?,Blood Flow Super Formula is typically taken daily as directed by the provider. It is used to support circulation as part of a comprehensive Neuropathy Program and is often paired with stimulation and light-based therapies.
How do supplements support the Neuropathy Program?,"Supplements are used to support nerve health, circulation, and metabolic pathways that influence nerve function. They are intended to work alongside device-based therapies rather than replace them, under provider direction."
What is the NerveSpa Joint & Mobility Program?,"The Joint & Mobility Program is a provider-guided protocol designed to support joint comfort, mobility, and function. It combines targeted stimulation devices, light-based therapies, and joint-focused supplements to address joint-related discomfort under clinical direction."
How does the Joint & Mobility Program work?,"The program integrates targeted joint devices with supportive therapies and supplements. Providers customize usage based on joint location, severity, and patient tolerance, focusing on consistent use over time."
What devices are used in the Joint & Mobility Program?,"Depending on the provider’s plan, the Joint & Mobility Program may include Knee Pro, Shoulder Pro, PowerWrap, and related joint-focused modalities. Not all patients require every device."
How long does the Joint & Mobility Program take?,"The Joint & Mobility Program is designed for consistent, long-term use as directed by the provider. Program length varies depending on joint condition, severity, and response to therapy."
Can the Joint & Mobility Program be adjusted over time?,"Yes. Providers may adjust device selection, session frequency, and supportive products based on patient progress, comfort, and clinical goals."
How often should patients use the Knee Pro?,"The Knee Pro is used according to provider guidance as part of the Joint & Mobility Program. It is designed for consistent, repeated use over time to support joint comfort and mobility, with session frequency determined by the clinic."
How long is a Knee Pro session?,"A typical Knee Pro session is a long-duration treatment, often up to one hour, as directed by the provider. The duration is intended to support sustained joint-focused therapy."
Can Knee Pro be used with other joint therapies?,"Yes. Providers may combine Knee Pro with other joint-focused modalities such as LED therapy, vibration therapy, or joint supplements as part of a coordinated Joint & Mobility Program."
What should patients feel during Knee Pro therapy?,"Patients may feel gentle stimulation, warmth, or compression around the knee. Sensations should remain comfortable. Any discomfort should be reported to the provider for adjustment."
How often should patients use the Shoulder Pro?,"The Shoulder Pro is used as directed by the provider as part of the Joint & Mobility Program. Frequency is customized based on shoulder condition, tolerance, and treatment goals."
How long is a Shoulder Pro session?,Shoulder Pro sessions are performed according to provider direction and are designed for extended use to support shoulder mobility and comfort. Duration may vary based on clinical guidance.
Can Shoulder Pro be used with other joint therapies?,"Yes. Providers may integrate Shoulder Pro with other joint-focused therapies such as PowerWrap, LED therapy, or supplements as part of a coordinated plan."
What should patients feel during Shoulder Pro therapy?,Patients may feel gentle stimulation or compression around the shoulder. Sensations should be comfortable and adjustable. Pain or discomfort should be discussed with the provider.
What joint supplements are commonly used in the Joint & Mobility Program?,"Depending on provider guidance, joint supplementation may include Super Flex Joint Formula – Rebuild + Maintain, OA & RA Relief Cream, and Nerve Target Roll-On. These products are used to support joint comfort and mobility alongside device-based therapies."
When should Super Flex Joint Formula – Rebuild + Maintain be used?,Super Flex Joint Formula is typically taken daily as directed by the provider. It is intended to support joint structure and comfort as part of the overall Joint & Mobility Program.
When should OA & RA Relief Cream be used?,OA & RA Relief Cream is generally applied to the affected joint area as directed by the provider. It is often used alongside device-based therapies to support localized comfort.
When should Nerve Target Roll-On be used?,Nerve Target Roll-On is applied topically to targeted joint or muscle areas as directed by the provider. It is typically used to complement other joint-focused therapies within the program.
How do joint supplements fit into the Joint & Mobility Program?,"Joint supplements and topicals are used to support comfort, mobility, and recovery while patients follow device-based therapies. Providers determine how supplements are integrated based on individual joint needs."
Can joint supplements be used alone without devices?,"In some cases, joint supplements may be used independently. However, many providers recommend combining them with devices such as Knee Pro or Shoulder Pro for a more comprehensive approach."
What is the PowerWrap used for in the Clinical Program?,"PowerWrap is used in the Clinical Program as a wrap-style light therapy modality (red + infrared) to support targeted comfort and recovery as directed by the provider. It includes adjustable power levels and mode options (Constant, Pulse, Alternating) with preset safety timers."
How long is a PowerWrap session?,"PowerWrap session length depends on the mode: the device uses **preset timers**—**Constant mode is preset to 3 minutes**, and **Pulse mode is preset to 6 minutes** (Alternating switches between the two)."
How often can I use PowerWrap in a day?,Follow provider guidance. The user manual advises **not exceeding 1–2 times per treatment area per day**. It also recommends taking **1 rest day for every 2 days of treatment**.
What power level should I start with on PowerWrap?,"The manual recommends starting on **Low or Medium power** for the first uses and adjusting only as tolerated. Power levels shown on the remote are **Low (8,000 mW)**, **Medium (10,000 mW)**, and **High (12,000 mW)**."
How do I choose Constant vs Pulse mode on PowerWrap?,"Use **MODE** on the remote to switch between **Constant**, **Pulse**, and **Alternating**. The manual notes **Constant mode should not exceed 3 minutes per treatment area**, and **Pulse mode should not exceed 6 minutes per treatment area**."
What are the key safety rules for PowerWrap use?,"Key manual guidance includes: **do not overlap** treatment areas; if moving the wrap, place it on a **new, untreated area**; and **inspect skin** during/after use. The manual also cautions to reduce intensity or stop if sensitivity occurs."
Can PowerWrap be combined with other therapies?,"Yes—providers may coordinate PowerWrap with other modalities as part of an overall plan. Always follow provider direction on sequencing and frequency, and keep PowerWrap use within the manual’s timing/frequency guidance."
What is NerveWave used for in the Clinical Program?,"NerveWave is a clinical electrotherapy device with preset programs and adjustable intensity that should always feel **comfortable to mild (never strong)**. It’s used under provider guidance within structured pathways such as regenerative pain control, neuropathy support, restorative recovery, and vagus nerve therapy."
How do I start a program on NerveWave?,"Quick operation steps: **charge the device for 12 hours before first use (or power via wall adapter)**, plug in lead wires by channel, **hold the Power button to turn on**, press **Program** to access programs, select a program/subprogram, then **increase intensity** using the large dial. Each program is **preset with a timer**, and stimulation ends when the program ends."
What intensity should NerveWave be set to?,The Quick Start Guide states intensity should **always feel comfortable to mild—never strong**.
What is the recommended schedule for NerveWave regenerative pain control?,"The Quick Start Guide lists **Regenerative Pain Control** usage guidance as **4–5x/week over the course of 26 weeks**, including use for degenerative joint conditions (such as OA/RA of the knee, hand, shoulder) and intractable back pain, under provider guidance."
How is NerveWave typically used for neuropathy?,"The Quick Start Guide lists **Neuropathy** usage guidance as **5x/week over 60–90 days**. It also notes: for the first **60–90 uses**, use the **Primary and Secondary phases**, ideally **two treatments per day** (1 primary + 1 secondary). After the initial uses, it notes a **maintenance phase** schedule such as **2–3 times/week for 6 weeks**, and repeating consistency **about 1x/year** (per provider guidance)."
What is the recommended schedule for NerveWave restorative recovery?,"The Quick Start Guide lists **Restorative Recovery** usage guidance as **4–5x/week over the course of 13–20 weeks**, including use for post-surgical or post-injury pain and muscle rehabilitation (Rehabilitative Relief) and for muscular-derived pain conditions (Muscle Activation), under provider guidance."
How does NerveWave track usage?,"The Quick Start Guide notes the “**track usage**” button shows cumulative use—**number of sessions and total minutes used**. It also notes users can record pain scale results post-treatment (manual entry is possible, and there can be an automated pop-up before each program for starting/ending pain scale if enabled)."
Can NerveWave be used with accessory tools?,"Yes. The Quick Start Guide includes accessory guidance such as a **scraper tool (gua sha scraper)**, **earlobe clips** (for vagus nerve stimulation—both clips on the **same ear**, not one on each ear), **pre-gelled electrodes** (keep pads **1–6 inches apart**), **carbon rubber pads**, and **foot pads** (sold separately)."
What is the recommended schedule for NerveWave vagus nerve therapy?,"The Quick Start Guide lists **Vagus Nerve Therapy** usage guidance as **10 minutes, 1–2x daily as needed**, and notes that longer durations may be used when guided by the timer and provider direction."
How long should Vibe be used in a typical session?,The Vibe document states the device has an **automatic 10-minute timer** for a session.
How is Vibe typically used within a clinical plan?,"The Vibe document describes Vibe as a **5–10 minute add-on session** that can complement a broader plan, depending on provider direction."
What should I do if my Nerve Bath device is frozen?,"1) Confirm the lock/unlock icon at the top of the screen is set to unlocked. 2) Confirm lead wires are plugged in, carbon rubber pads are connected (one in each water bay), and feet are inserted—intensity won’t engage until the user is engaged. 3) Make sure hands are not wet when touching the touch screen. 4) Use a light tap—don’t press the buttons too hard. 5) Confirm the device was not dropped in water. 6) Shut down the device, charge for 24 hours, and restart."
What if there is no stimulation or weak stimulation in the Nerve Bath?,"1) Confirm lead wires are plugged in, carbon rubber pads are connected (one in each water bay), and feet are inserted—intensity won’t engage until the user is engaged. 2) If neuropathy is late stage, you may have reduced sensation—test by inserting your hands into the bays with the intensity up (don’t over-stimulate your feet by turning it up too high). 3) Add more salt to the water. 4) Replace lead wires if the device is over 6 months old."
What if the Nerve Bath device does not power on?,1) Charge the device for 24 hours. 2) Hold down the power button on the side of the device for 3–5 seconds.
What if stimulation stops or the program ends short of 30 minutes?,Charge the device for 24 hours.
What should I do if the LED Wrap lights are flickering or powering down early?,Make sure the cord is firmly connected to the wall and into the power brick.
Which treatment mode should I use on the LED Wrap?,"Use the blue mode (second setting), not the green mode (first setting). Blue mode powers both the red lights and the infrared lights. Green mode powers just the red lights."
What should I avoid doing with the LED Wrap?,IMPORTANT: Never crease the LED wrap by folding it in half and then putting pressure on it.
How do I power the Knee Pro on/off and change modes?,Hold the power button down to turn on or off. Tap to change modes. The device will automatically cycle from Mode 1 to Mode 2.
What if I’m having issues with stimulation on Knee Pro?,Charge the device for 24 hours to make sure the battery is fully charged.
What should I know before using the Quake Plate?,Do not stand on the Quake Plate.
What if the Quake Plate makes a loud grinding noise?,A loud grinding noise usually indicates a mechanical issue. Stop using the device and contact support for further assistance.
What if the Quake Plate remote does not work?,"Check that the remote has a working battery and that there are no obstructions between the remote and the device. If issues persist, contact support."
What battery does the Quake Plate remote use?,The Quake Plate remote uses a standard coin-style battery. Replace the battery if the remote becomes unresponsive.
What should I do if stimulation feels weak with conductive socks or gloves?,Lightly moisten the conductive garments before use and confirm proper leadwire connection. Weak stimulation is often related to dryness or loose connections.
"How do I clean conductive socks, gloves, or garments?","Hand wash with mild soap and water, then air dry completely before reuse. Do not machine wash or dry."
How often should conductive garments be replaced?,"Replacement frequency depends on use and care. If stimulation becomes inconsistent despite proper moistening and connections, replacement may be needed."
What should I do if the Cold Laser does not turn on?,"Confirm the device is fully charged and that the power button is held down for several seconds. If it still does not power on, contact support."
What if the Cold Laser shuts off during treatment?,"Check battery charge and restart the device. If the issue continues, contact support."
What should I do if the LED Wrap does not turn on?,Confirm the power brick is plugged into a working outlet and securely connected to the wrap. Try a different outlet if needed.
What if the LED Wrap lights flicker during use?,Check that the power brick and cable connections are secure at both the outlet and the device. Flickering is commonly caused by a loose connection.
What should I do if the LED Wrap powers down early?,"Confirm the power brick is firmly connected and that the outlet is providing consistent power. If the issue continues, discontinue use and contact support."
How do I clean the LED Wrap?,"Disconnect the wrap from power before cleaning. Wipe the surface gently with a soft, dry or lightly damp cloth. Do not submerge in water."
What should I do if the PowerWrap does not turn on?,"Ensure the device is charged and the power button is pressed firmly. If it still does not turn on, discontinue use and contact support."
What should I do if my skin feels too sensitive after PowerWrap use?,Stop treatment and allow the skin to return to normal before resuming. Reduce power level or frequency as directed by your provider.
What if the PowerWrap remote does not respond?,"Replace the remote battery and confirm there is a clear line of sight to the device. If the issue persists, contact support."
What should I do if NerveWave does not power on?,"Confirm the device is charged or connected to a wall adapter. Hold the power button to turn on. If it still does not start, contact support."
What if I feel no sensation during NerveWave use?,"Increase intensity gradually until a comfortable, mild sensation is felt. Check electrode placement and leadwire connections."
What should I do if NerveWave stimulation feels too strong?,Reduce the intensity immediately to a comfortable level. Stimulation should always feel mild and never painful.
What if the electrodes are not sticking properly?,Replace worn electrodes and ensure the skin is clean and dry before placement. Poor adhesion can reduce stimulation effectiveness.
How do I place electrodes correctly?,"Place electrodes on clean, dry skin with pads spaced approximately 1–6 inches apart, following provider guidance and the user guide."
What should I do if NerveWave shuts off during treatment?,"Check the battery level and restart the device. If shutdown continues, discontinue use and contact support."
What should I do if the Vibe device does not turn on?,"Confirm the device is charged or properly powered, then press the power button firmly. If it does not turn on, contact support."
What if the Vibe stops during a session?,"Allow the session to complete its automatic timer. If the device stops unexpectedly, recharge and restart."
What should patients feel during Vibe use?,"A gentle vibration is expected. If discomfort occurs, stop use and consult your provider."
What should I do if Knee Pro does not power on?,"Charge the device fully and hold the power button to turn it on. If it does not respond, contact support."
What if stimulation feels weak on Knee Pro?,Charge the device fully and confirm proper leadwire and garment placement. Weak stimulation is often related to battery level or placement.
How do I change Knee Pro modes?,Tap the power button to cycle through available modes. The device will automatically progress through its preset modes.
What should I do if Shoulder Pro does not power on?,"Charge the device fully and press the power button to turn it on. If it does not respond, contact support."
What if stimulation feels weak on Shoulder Pro?,Confirm the device is fully charged and that the conductive garment is properly fitted and snug. Weak stimulation is commonly related to battery level or garment placement.
How do I change Shoulder Pro modes?,Press the power button to cycle through the preset modes. The device will automatically advance through its programmed sequence.
What if I feel little or no sensation during a Nerve Bath session?,"Check water level, electrode placement, and connection cables. Sensation may vary and should be guided by provider instructions."
What should I do if the Nerve Bath unit does not turn on?,"Confirm the unit is plugged in securely and the power switch is on. If the unit still does not power on, contact support."
Is tingling or warmth normal during a Nerve Bath session?,"Mild tingling or warmth can be normal. If discomfort occurs, stop the session and consult your provider."
What if the LED wrap does not turn on?,"Ensure the controller is charged and properly connected to the wrap. If it still does not power on, contact support."
What should I feel during LED wrap therapy?,"A gentle warmth is typical. If excessive heat or discomfort occurs, stop use and consult your provider."
What if the Cold Laser does not activate?,Confirm the device is charged and properly powered. Follow the user guide for correct activation steps.
What should I feel during Cold Laser therapy?,"Cold Laser therapy is typically painless. A mild warming sensation may occur, but no discomfort should be felt."
What if the Quake Plate feels too intense?,Reduce intensity or shorten session time as directed by your provider. Stop use if discomfort occurs.
What if the Quake Plate does not start vibrating?,"Confirm the unit is plugged in, powered on, and that the control settings are properly selected. If the plate does not activate, contact support."
Is muscle fatigue normal after using the Quake Plate?,"Mild muscle fatigue can occur after use. If soreness persists or discomfort increases, pause use and consult your provider."
What should I do if the PowerWrap does not power on?,Ensure the controller is fully charged and properly connected to the wrap. Refer to the user guide for setup steps before contacting support.
What if PowerWrap feels uncomfortable during use?,Stop the session and adjust placement or intensity as directed by your provider. Discomfort should not occur during normal use.
What if I feel little or no sensation during NerveWave use?,Check electrode placement and connections. Sensation levels may vary and should follow provider guidance.
What should I feel during a NerveWave session?,"A mild pulsing or tingling sensation is typical. If discomfort occurs, stop use and consult your provider."
What if NerveWave does not turn on?,"Confirm the device is charged and that electrodes are properly connected. If the issue continues, contact support."
When should I contact support for device issues?,"If a device does not function as expected after following setup and troubleshooting steps, contact support for assistance."
What if my device will not charge?,"Check that the charging cable and power source are working properly. Allow the device to charge fully before use. If it still does not charge, contact support."
What if my device turns off during use?,"If a device powers off unexpectedly, stop the session and ensure it is adequately charged. Restart only after confirming proper power levels."
What if stimulation feels too strong or uncomfortable?,Stop the session and reduce intensity or adjust placement according to provider guidance. Therapy should remain comfortable at all times.
What if stimulation feels too weak?,"Check connections, electrode placement, or device positioning. Follow provider guidance for proper setup and intensity."
Can I continue treatment if I experience skin irritation?,Stop use if irritation occurs and allow skin to recover. Consult your provider before resuming therapy.
What if my conductive socks or garments do not work properly?,Ensure garments are slightly moistened and properly connected. Replace worn garments as recommended by your provider.
How do I clean conductive garments?,Follow care instructions provided with the garments. Proper cleaning helps maintain conductivity and performance.
Where can I find setup guides and manuals?,Setup guides and user manuals are provided by your clinic or can be accessed through official NerveSpa resources as directed by your provider.
What if I feel no sensation during a Nerve Bath session?,"Ensure the unit is powered on, salts/tablets are added as directed, and hands or feet are fully submerged. Gradually increase intensity to a comfortable level per provider guidance."
What if the water feels too hot or uncomfortable?,Stop the session and allow the water to cool. Sessions should always be comfortable; adjust water temperature before restarting.
What if the unit does not power on?,"Check the power connection and battery charge. If the unit still does not power on, contact support for assistance."
What if stimulation feels uneven between hands or feet?,Reposition hands or feet evenly in the water and confirm equal setup on both sides. Adjust intensity gradually as needed.
What if the PowerWrap does not turn on?,Verify the power connection and ensure the device is properly charged before use. Restart only after confirming power.
What if the wrap feels too warm?,Stop the session and allow the device to cool. PowerWrap therapy should remain comfortable when used as directed by a provider.
What if I do not feel stimulation with NerveWave?,Check electrode placement and connections. Increase intensity slowly to a comfortable level per provider guidance.
What if electrodes lose adhesion during use?,"Replace or reapply electrodes as directed. Clean, dry skin helps maintain proper adhesion during sessions."
What if the NerveWave unit will not power on?,"Confirm the device is charged and all connections are secure. If the unit still does not power on, contact support for assistance."
What if the Vibe device does not start?,Ensure the device is properly connected and powered on. Restart the device following the setup steps provided by your clinic or provider.
What if vibration feels uncomfortable?,Stop the session and restart at a lower setting if recommended by your provider. Vibration therapy should remain comfortable at all times.
What if the Knee Pro does not deliver sensation?,Check strap placement and ensure the device is powered on. Increase intensity gradually as directed by your provider.
What if the Knee Pro strap feels too tight or loose?,Readjust the strap so it is secure but comfortable. Proper fit helps ensure effective therapy.
What if the Shoulder Pro feels uncomfortable during use?,Stop the session and adjust placement. Shoulder Pro should fit securely without causing pain or discomfort.
What if the Shoulder Pro does not power on?,"Check connections and power status. If the issue persists, contact support for further guidance."
What if I don’t feel stimulation in the water?,"Gradually increase the intensity using the control dial until a mild, comfortable sensation is felt. Ensure the water contains the recommended salts and tablets as directed."
What if stimulation feels uneven between feet or hands?,Ensure both sides are filled with the same amount of warm water and consumables. Adjust positioning so hands or feet are fully submerged and relaxed.
What if the unit shuts off during a session?,"The NerveSpa Nerve Bath includes an automatic shutoff at the end of the programmed session. If it shuts off early, check battery charge and restart if needed."
What if the Cold Laser does not emit light?,Check that the device is powered on and properly charged. Ensure the applicator is positioned correctly against the skin.
What if treatment feels ineffective?,Confirm session duration and placement follow provider guidance. Consistent use over time is important for results.
What if vibration feels too intense?,Stop the session and restart at a lower setting if recommended by your provider. Vibration should remain comfortable.
What if the Quake Plate does not power on?,Check the power source and ensure the device is properly connected. Contact support if the issue continues.
What if conductive socks or gloves feel dry during use?,Lightly moisten the conductive garments with water before starting the session. Proper moisture helps ensure consistent stimulation.
What if stimulation cuts in and out when using conductive garments?,Check lead wire connections and ensure the garments are evenly moistened. Inconsistent stimulation is often related to connection or moisture issues.
What if the garment no longer conducts stimulation well?,"Over time, conductive garments can wear down. If stimulation remains inconsistent despite proper setup, replacement may be needed."
What if Knee Pro shuts off during a session?,"Charge the device fully before restarting. If shutdown continues, discontinue use and contact support."
What if the Knee Pro feels uncomfortable around the knee?,Stop the session and adjust strap placement so the device is secure but comfortable.
What if the Shoulder Pro shifts during use?,Readjust the wrap so it fits snugly and remains in place during the session.
What if the Shoulder Pro shuts off unexpectedly?,"Ensure the device is fully charged before use. If the issue continues, contact support."
What if the screen does not respond or freezes?,"Turn the device off and back on. If the issue persists, discontinue use and contact support."
What if lead wires appear damaged?,Stop using the device and replace damaged lead wires. Using compromised accessories can affect performance.
When should I stop treatment and contact my provider?,"Stop treatment if pain, discomfort, or unexpected reactions occur. Contact your provider for guidance before resuming use."
What if a device will not power on?,"Ensure the device is fully charged or properly connected to power. If it still does not turn on, discontinue use and contact support."
What if stimulation feels weaker than expected?,"Check connections, electrode or garment moisture, and device settings. Weak stimulation is often related to setup issues."
What if the device becomes warm during use?,"Mild warmth can be normal. If the device becomes excessively hot, stop use and allow it to cool before restarting."
What if an error message appears on the screen?,"Power the device off and restart. If the error persists, contact support for further guidance."
What if the battery drains faster than expected?,"Fully charge the device before each use. If battery performance declines significantly, contact support."
What if accessories are lost or damaged?,Replacement accessories can be ordered through approved channels. Contact support for assistance.
Can devices be shared between patients?,Devices are assigned per provider guidance. Sharing policies depend on clinical protocols and hygiene standards.
How should devices be cleaned after use?,Follow the cleaning instructions provided in the user guide. Use gentle cleaning methods and avoid submerging electronic components.
When should I contact NerveSpa support?,Contact support if troubleshooting steps do not resolve the issue or if the device does not function as expected.
What if there is no sensation during a NerveSpa Nerve Bath session?,"Check that lead wires are connected properly, salts and tablets are added, and intensity is increased gradually until a mild sensation is felt."
What if the sensation feels uneven between feet or hands?,Uneven sensation can occur due to skin condition or placement. Adjust position and ensure equal contact with the water.
What if the water feels too warm or too cool?,"Use warm, comfortable water. Avoid hot water, as it may affect comfort and session quality."
What if the session stops,"If the session stops before the full programmed time, first check whether the device automatically completed its preset cycle. Many NerveSpa devices are designed to stop once the selected program has finished.

If the session stopped unexpectedly:

• Ensure the device is properly connected and powered on
• Check that all cables, pads, or wraps are securely attached
• Confirm the battery is adequately charged (if applicable)
• Restart the device and begin a new session

If the device continues to stop unexpectedly after these steps, discontinue use and contact NerveSpa customer support or your provider for assistance."
What if the session stops before 30 minutes?,"The NerveSpa Nerve Bath is designed with an automatic 30-minute shutoff. If the session ends early, check battery charge and connections before restarting."
What if the device will not power on?,"Ensure the unit is fully charged and all cables are securely connected. If the device still does not power on, contact support."
What if stimulation feels too strong?,Reduce intensity using the control buttons until the sensation is mild and comfortable. Sessions should never be painful.
What if the wrap shuts off during a session?,The wrap may shut off automatically at the end of a programmed session or if battery power is low. Recharge the unit and restart if needed.
What if I do not feel anything during treatment?,LED therapy may not produce a strong sensation. Consistent use as directed is important even if minimal sensation is felt.
What if the Cold Laser does not power on?,Ensure the device is fully charged and the power button is pressed firmly. Confirm the applicator is properly connected before starting a session.
What if the laser shuts off during treatment?,The Cold Laser may shut off automatically at the end of a timed session or if the battery is low. Recharge the device and restart as directed.
What if I do not feel any sensation from the laser?,Cold laser therapy may not create a noticeable sensation. Follow provider guidance and use consistently even if little or no sensation is felt.
What should I do if the device overheats?,"If the device feels unusually warm, stop the session and allow it to cool. Ensure proper placement and airflow before resuming use."
What if the wrap does not stay secured?,Adjust the straps to ensure a snug but comfortable fit around the treatment area. Proper positioning helps deliver consistent therapy.
What if the LEDs appear dim?,Check battery level and ensure the wrap is fully charged. Dim light may indicate low battery power.
What if the Knee Pro does not power on?,Confirm the controller is charged and all connections are secure. Press the power button firmly to start the session.
What if the stimulation feels too strong?,Lower the intensity until the sensation is mild and comfortable. Knee Pro sessions should never be painful.
What if the stimulation feels too weak?,Increase intensity gradually until a comfortable sensation is felt. Check strap fit and skin
How do clinics measure patient engagement with NerveSpa?,"Clinics can measure engagement through usage consistency, session completion, and patient participation over time. NerveSpa supports clinics by providing non-diagnostic usage insights that help assess adherence and engagement trends."
What non-diagnostic indicators can providers monitor when using NerveSpa?,"Providers may monitor patient-reported comfort, tolerance, functional ease, and overall experience during use. These indicators are observational and experiential, not diagnostic or treatment outcomes."
How does NerveSpa support patient-reported comfort or function tracking?,"NerveSpa supports clinics by enabling consistent use routines and optional documentation of patient feedback related to comfort and daily function, as determined by the provider’s clinical workflow."
Can clinics document changes in patient experience over time with NerveSpa?,"Yes. Clinics may document patient-reported experiences over time using their own clinical notes or systems. NerveSpa does not diagnose or treat conditions but supports structured, repeatable use."
Does NerveSpa provide usage or adherence data to clinics?,"NerveSpa systems may provide usage-related information such as session duration or frequency, depending on configuration. This information is intended for operational insight, not medical evaluation."
How can providers discuss progress with patients without making medical claims?,"Providers should focus on patient-reported experiences, comfort, and engagement rather than outcomes or diagnoses. Discussions should emphasize support, consistency, and overall wellness experience."
What types of patient feedback are most commonly reported with NerveSpa use?,"Feedback often relates to comfort during sessions, ease of use, relaxation, and overall experience. Individual responses vary, and feedback should be documented at the provider’s discretion."
How should front-desk staff explain NerveSpa to patients in simple terms?,Staff can explain NerveSpa as a clinic-guided wellness technology designed to support nerve-focused comfort and relaxation as part of a broader care plan.
What should staff say if a patient asks whether NerveSpa replaces medical treatment?,Staff should clarify that NerveSpa does not replace medical treatment and is intended to support wellness alongside provider-directed care.
How should staff respond if a patient asks whether NerveSpa is FDA approved?,"Staff may state that NerveSpa is produced by an FDA-registered manufacturer and used under provider guidance, without making claims about treatment or cure."
What should staff say if a patient asks about insurance coverage?,"Staff should explain that coverage varies by clinic and payer, and patients should consult the clinic directly for billing or reimbursement information."
How should staff explain home use versus in-clinic guidance?,"Staff can explain that some clinics may recommend guided home use, while others focus on in-clinic protocols, based on provider discretion."
What is the best way for staff to set expectations before a patient begins using NerveSpa?,"Staff should emphasize comfort, gradual familiarization, and provider guidance, while avoiding promises of outcomes."
How should staff handle common patient misconceptions about NerveSpa?,Staff should correct misconceptions by reinforcing that NerveSpa supports wellness and comfort and is not a diagnostic or treatment device.
How is NerveSpa different from consumer-grade nerve stimulation devices?,"NerveSpa is designed for clinical environments, emphasizing provider-guided use, consistency, and integration into care workflows rather than direct-to-consumer self-treatment."
What makes NerveSpa a clinic-grade system rather than a retail product?,"NerveSpa is distributed through professional channels and intended for use under clinical guidance, with systems and support designed for healthcare settings."
Why do clinics choose NerveSpa over generic home wellness devices?,"Clinics choose NerveSpa for its structured approach, professional support, and alignment with clinical workflows and patient education."
How does NerveSpa integrate into existing clinical workflows?,"NerveSpa is designed to complement existing care plans, allowing clinics to incorporate it into evaluations, education, and ongoing support routines."
What design principles guide the NerveSpa system?,"The system emphasizes consistency, ease of use, patient comfort, and provider oversight, supporting repeatable and reliable wellness routines."
How does NerveSpa support consistency and repeatability in patient use?,NerveSpa supports repeatable use through standardized protocols and clear guidance established by the clinic.
When should clinics pause or discontinue use of NerveSpa?,"Clinics should pause use if a patient reports discomfort, unexpected reactions, or if clinical judgment indicates reassessment is appropriate."
What should providers do if a patient reports discomfort during use?,"Providers should stop the session, assess the situation, and determine next steps based on professional judgment and clinic protocols."
When should a clinic contact NerveSpa support versus handling an issue internally?,"Clinics should contact NerveSpa support for device-related questions or technical issues, while clinical decisions remain the responsibility of the provider."
What situations require clinical judgment before continuing NerveSpa use?,"Any changes in patient tolerance, reported discomfort, or clinical context should prompt provider review before continuing use."
Are there any patient scenarios where NerveSpa may not be appropriate?,Appropriateness is determined by the provider based on individual patient circumstances and clinical discretion.
How does NerveSpa support safe use alongside other clinical modalities?,"NerveSpa is designed to complement other modalities, with integration determined by provider judgment and clinic protocols."
Is NerveSpa available outside the United States?,Availability may vary by region. Clinics outside the U.S. may contact NerveSpa to inquire about current options.
Are international certifications or markets planned for NerveSpa?,"NerveSpa evaluates expansion opportunities based on regulatory requirements, clinical demand, and operational readiness."
Can clinics outside the U.S. request information or express interest?,Yes. Clinics may contact NerveSpa to request information and discuss potential availability in their region.
How does NerveSpa evaluate expansion into new regions or care settings?,"Expansion is evaluated based on regulatory compliance, clinical alignment, and the ability to support providers effectively."
